{
	"format_version": "1.8.0",
	"animations": {
		"restrain_animation": {
			"animation_length": 200,
			"bones": {
				"head": {
					"rotation": {
						"0.0": {
							"vector": [0, 0, 0]
						},
						"0.0417": [-0.0774, 0, 0],
						"0.5417": [-2.28035, 0, 0],
						"0.625": {
							"vector": [-2.5, 0, 0],
							"easing": "bezier",
							"left": [0, 0, 0],
							"left_time": [-0.1, -0.1, -0.1],
							"right": [0, 0, 0],
							"right_time": [0.1, 0.1, 0.1]
						}
					},
					"position": {
						"0.0": {
							"vector": [0, 0, 0]
						},
						"0.0417": [0, 0, -0.0387],
						"0.0833": [0, 0, -0.10982],
						"0.4583": [0, 0, -0.96559],
						"0.5417": [0, 0, -1.14018],
						"0.5833": [0, 0, -1.2113],
						"0.625": {
							"vector": [0, 0, -1.25],
							"easing": "bezier",
							"left": [0, 0, 0],
							"left_time": [-0.1, -0.1, -0.1],
							"right": [0, 0, 0],
							"right_time": [0.1, 0.1, 0.1]
						}
					}
				},
				"body": {
					"rotation": {
						"0.0": {
							"vector": [0, 0, 0]
						},
						"0.0417": [0.1548, 0, 0],
						"0.5": [4.22533, 0, 0],
						"0.5833": [4.8452, 0, 0],
						"0.625": {
							"vector": [5, 0, 0],
							"easing": "bezier",
							"left": [0, 0, 0],
							"left_time": [-0.1, -0.1, -0.1],
							"right": [0, 0, 0],
							"right_time": [0.1, 0.1, 0.1]
						}
					},
					"position": {
						"0.0": {
							"vector": [0, 0, 0]
						},
						"0.0417": [0, 0, -0.06192],
						"0.0833": [0, 0, -0.17572],
						"0.125": [0, 0, -0.30987],
						"0.4167": [0, 0, -1.39313],
						"0.5": [0, 0, -1.69013],
						"0.5417": [0, 0, -1.82428],
						"0.5833": [0, 0, -1.93808],
						"0.625": {
							"vector": [0, 0, -2],
							"easing": "bezier",
							"left": [0, 0, 0],
							"left_time": [-0.1, -0.1, -0.1],
							"right": [0, 0, 0],
							"right_time": [0.1, 0.1, 0.1]
						}
					}
				},
				"right_arm": {
					"rotation": {
						"0.0": {
							"vector": [0, 0, 0]
						},
						"0.0417": [-3.09604, 0, 0],
						"0.0833": [-8.786, 0, 0],
						"0.125": [-15.49336, 0, 0],
						"0.1667": [-22.75271, 0, 0],
						"0.2083": [-30.34328, 0, 0],
						"0.25": [-38.13395, 0, 0],
						"0.375": [-61.86605, 0, 0],
						"0.4167": [-69.65672, 0, 0],
						"0.4583": [-77.24729, 0, 0],
						"0.5": [-84.50664, 0, 0],
						"0.5417": [-91.214, 0, 0],
						"0.5833": [-96.90396, 0, 0],
						"0.625": {
							"vector": [-100, 0, 0],
							"easing": "bezier",
							"left": [0, 0, 0],
							"left_time": [-0.1, -0.1, -0.1],
							"right": [0, 0, 0],
							"right_time": [0.1, 0.1, 0.1]
						}
					},
					"position": {
						"0.0": {
							"vector": [0, 0, 0]
						},
						"0.0417": [0, -0.02322, -0.06192],
						"0.0833": [0, -0.06589, -0.17572],
						"0.125": [0, -0.1162, -0.30987],
						"0.4167": [0, -0.52243, -1.39313],
						"0.5": [0, -0.6338, -1.69013],
						"0.5417": [0, -0.68411, -1.82428],
						"0.5833": [0, -0.72678, -1.93808],
						"0.625": {
							"vector": [0, -0.75, -2],
							"easing": "bezier",
							"left": [0, 0, 0],
							"left_time": [-0.1, -0.1, -0.1],
							"right": [0, 0, 0],
							"right_time": [0.1, 0.1, 0.1]
						}
					}
				},
				"left_arm": {
					"rotation": {
						"0.0": {
							"vector": [0, 0, 0]
						},
						"0.0417": [-3.47614, 1.9501, -0.43531],
						"0.0833": [-9.86476, 5.5339, -1.2352],
						"0.125": [-17.39581, 9.75835, -2.17793],
						"0.1667": [-25.54675, 14.33026, -3.19806],
						"0.2083": [-34.06972, 19.11055, -4.2645],
						"0.25": [-42.81755, 24.01661, -5.35879],
						"0.375": [-69.46666, 38.95946, -8.69011],
						"0.4167": [-78.21554, 43.86386, -9.78269],
						"0.4583": [-86.74018, 48.64154, -10.84642],
						"0.5": [-94.89353, 53.20967, -11.86263],
						"0.5417": [-102.42797, 57.42878, -12.79984],
						"0.5833": [-108.82154, 61.00478, -13.59164],
						"0.625": {
							"vector": [-112.30619, 62.94152, -14.0131],
							"easing": "bezier",
							"left": [-0.03006, -0.04727, -0.04899],
							"left_time": [-0.1, -0.1, -0.1],
							"right": [0.03006, 0.04727, 0.04899],
							"right_time": [0.1, 0.1, 0.1]
						}
					},
					"position": {
						"0.0": {
							"vector": [0, 0, 0]
						},
						"0.0417": [-0.06192, -0.03096, -0.08514],
						"0.0833": [-0.17572, -0.08786, -0.24161],
						"0.125": [-0.30987, -0.15493, -0.42607],
						"0.4167": [-1.39313, -0.69657, -1.91556],
						"0.5": [-1.69013, -0.84507, -2.32393],
						"0.5417": [-1.82428, -0.91214, -2.50839],
						"0.5833": [-1.93808, -0.96904, -2.66486],
						"0.625": {
							"vector": [-2, -1, -2.75],
							"easing": "bezier",
							"left": [0, 0, 0],
							"left_time": [-0.1, -0.1, -0.1],
							"right": [0, 0, 0],
							"right_time": [0.1, 0.1, 0.1]
						}
					}
				},
				"right_leg": {
					"rotation": {
						"0.0": {
							"vector": [0, 0, 0]
						},
						"0.0417": [-0.1548, 0, 0],
						"0.5": [-4.22533, 0, 0],
						"0.5833": [-4.8452, 0, 0],
						"0.625": {
							"vector": [-5, 0, 0],
							"easing": "bezier",
							"left": [0, 0, 0],
							"left_time": [-0.1, -0.1, -0.1],
							"right": [0, 0, 0],
							"right_time": [0.1, 0.1, 0.1]
						}
					},
					"position": {
						"0.0": {
							"vector": [0, 0, 0]
						},
						"0.0417": [0, 0, -0.0387],
						"0.0833": [0, 0, -0.10982],
						"0.4583": [0, 0, -0.96559],
						"0.5417": [0, 0, -1.14018],
						"0.5833": [0, 0, -1.2113],
						"0.625": {
							"vector": [0, 0, -1.25],
							"easing": "bezier",
							"left": [0, 0, 0],
							"left_time": [-0.1, -0.1, -0.1],
							"right": [0, 0, 0],
							"right_time": [0.1, 0.1, 0.1]
						}
					}
				},
				"left_leg": {
					"rotation": {
						"0.0": {
							"vector": [0, 0, 0]
						},
						"0.0417": [0.4381, -0.74351, -0.21708],
						"0.0833": [1.24326, -2.10994, -0.61605],
						"0.125": [2.19238, -3.7207, -1.08635],
						"0.4167": [9.85673, -16.72794, -4.88412],
						"0.5": [11.95806, -20.29412, -5.92536],
						"0.5417": [12.90718, -21.90488, -6.39566],
						"0.5833": [13.71233, -23.27131, -6.79462],
						"0.625": {
							"vector": [14.15044, -24.01482, -7.0117],
							"easing": "bezier",
							"left": [0, 0, 0],
							"left_time": [-0.1, -0.1, -0.1],
							"right": [0, 0, 0],
							"right_time": [0.1, 0.1, 0.1]
						}
					},
					"position": {
						"0.0": {
							"vector": [0, 0, 0]
						},
						"0.0417": [0.01548, 0, -0.0387],
						"0.0833": [0.04393, 0, -0.10982],
						"0.4583": [0.38624, 0, -0.96559],
						"0.5417": [0.45607, 0, -1.14018],
						"0.5833": [0.48452, 0, -1.2113],
						"0.625": {
							"vector": [0.5, 0, -1.25],
							"easing": "bezier",
							"left": [0, 0, 0],
							"left_time": [-0.1, -0.1, -0.1],
							"right": [0, 0, 0],
							"right_time": [0.1, 0.1, 0.1]
						}
					}
				}
			}
		}
	},
	"geckolib_format_version": 2
}